{"cameraMode":{"drawMode":0,"name":"Shaded","section":"Shading Mode"},"sceneLighting":true,"audioPlay":false,"sceneViewState":{"m_AlwaysRefresh":false,"showFog":true,"showSkybox":true,"showFlares":true,"showImageEffects":true,"showParticleSystems":true,"showVisualEffectGraphs":true,"m_FxEnabled":true},"in2DMode":false,"pivot":{"x":0.004795404151082039,"y":4.976139068603516,"z":0.009603381156921387},"rotation":{"x":-0.4988858699798584,"y":-0.0020827625412493946,"z":0.0011968862963840366,"w":-0.8666728138923645},"size":1.8507094383239747,"orthographic":false}